,time_in_hospital,num_lab_procedures,num_procedures,num_medications,number_outpatient,number_emergency,number_inpatient,number_diagnoses
time_in_hospital,1.0,0.330145814754,0.188911028144,0.469426271165,-0.0149837255528,-0.00980481971331,0.0637362740687,0.233337611898
num_lab_procedures,0.330145814754,1.0,0.0500718748893,0.261910797521,-0.0069328144506,0.0140909040948,0.0801622393741,0.157574206434
num_procedures,0.188911028144,0.0500718748893,1.0,0.403737546614,-0.018347498011,-0.0351778973126,-0.0239768881268,0.089153129173
num_medications,0.469426271165,0.261910797521,0.403737546614,1.0,0.0261834397393,0.00239972008424,0.0374867894519,0.259201101635
number_outpatient,-0.0149837255528,-0.0069328144506,-0.018347498011,0.0261834397393,1.0,0.0950015540469,0.0685909222362,0.0766123698038
number_emergency,-0.00980481971331,0.0140909040948,-0.0351778973126,0.00239972008424,0.0950015540469,1.0,0.146547057475,0.0492391697993
number_inpatient,0.0637362740687,0.0801622393741,-0.0239768881268,0.0374867894519,0.0685909222362,0.146547057475,1.0,0.0691514211675
number_diagnoses,0.233337611898,0.157574206434,0.089153129173,0.259201101635,0.0766123698038,0.0492391697993,0.0691514211675,1.0
